{
  "version": 1,
  "author": "Anonymous maker",
  "editor": "wokwi",
  "parts": [
    { "type": "wokwi-breadboard-half", "id": "bb1", "top": -118.2, "left": -26, "attrs": {} },
    { "type": "wokwi-arduino-uno", "id": "uno", "top": 96.6, "left": -0.6, "attrs": {} },
    {
      "type": "wokwi-led",
      "id": "led1",
      "top": -97.2,
      "left": 217.8,
      "rotate": 90,
      "attrs": { "color": "blue" }
    },
    {
      "type": "wokwi-led",
      "id": "led2",
      "top": -97.2,
      "left": 160.2,
      "rotate": 90,
      "attrs": { "color": "magenta" }
    },
    {
      "type": "wokwi-led",
      "id": "led3",
      "top": -97.2,
      "left": 265.8,
      "rotate": 90,
      "attrs": { "color": "purple" }
    },
    {
      "type": "wokwi-resistor",
      "id": "r1",
      "top": -24,
      "left": 239.45,
      "rotate": 90,
      "attrs": { "value": "330" }
    },
    {
      "type": "wokwi-resistor",
      "id": "r2",
      "top": -24,
      "left": 133.85,
      "rotate": 90,
      "attrs": { "value": "330" }
    },
    {
      "type": "wokwi-resistor",
      "id": "r3",
      "top": -24,
      "left": 191.45,
      "rotate": 90,
      "attrs": { "value": "330" }
    },
    {
      "type": "wokwi-pushbutton-6mm",
      "id": "btn1",
      "top": -27.8,
      "left": 52,
      "rotate": 90,
      "attrs": { "color": "blue", "bounce": "0", "key": "2" }
    },
    {
      "type": "wokwi-pushbutton-6mm",
      "id": "btn2",
      "top": -27.8,
      "left": 90.4,
      "rotate": 90,
      "attrs": { "color": "yellow", "bounce": "0", "key": "3" }
    },
    {
      "type": "wokwi-pushbutton-6mm",
      "id": "btn3",
      "top": -27.8,
      "left": 13.6,
      "rotate": 90,
      "attrs": { "color": "green", "bounce": "0", "key": "1" }
    },
    {
      "type": "wokwi-pushbutton-6mm",
      "id": "btn4",
      "top": -27.8,
      "left": 128.8,
      "rotate": 90,
      "attrs": { "color": "black", "bounce": "0", "key": "4" }
    },
    {
      "type": "wokwi-resistor",
      "id": "r4",
      "top": 43.2,
      "left": 9.05,
      "rotate": 90,
      "attrs": { "value": "1000" }
    },
    {
      "type": "wokwi-resistor",
      "id": "r5",
      "top": 43.2,
      "left": 47.45,
      "rotate": 90,
      "attrs": { "value": "1000" }
    },
    {
      "type": "wokwi-resistor",
      "id": "r6",
      "top": 43.2,
      "left": 85.85,
      "rotate": 90,
      "attrs": { "value": "1000" }
    },
    {
      "type": "wokwi-resistor",
      "id": "r7",
      "top": 43.2,
      "left": 124.25,
      "rotate": 90,
      "attrs": { "value": "1000" }
    }
  ],
  "connections": [
    [ "uno:GND.1", "bb1:bn.10", "black", [ "v0" ] ],
    [ "bb1:bn.1", "bb1:tn.1", "green", [ "v0" ] ],
    [ "bb1:tp.1", "uno:5V", "gold", [ "v0" ] ],
    [ "led2:C", "bb1:tn.15", "green", [ "h0" ] ],
    [ "led1:C", "bb1:tn.20", "green", [ "h0" ] ],
    [ "led3:C", "bb1:tn.24", "green", [ "h0" ] ],
    [ "bb1:5b.g", "uno:7", "green", [ "v0" ] ],
    [ "bb1:9b.g", "uno:6", "green", [ "v0" ] ],
    [ "bb1:13b.g", "uno:5", "green", [ "v0" ] ],
    [ "bb1:17b.g", "uno:4", "green", [ "v0" ] ],
    [ "bb1:3t.d", "bb1:tp.2", "green", [ "v0" ] ],
    [ "bb1:7t.d", "bb1:tp.6", "green", [ "v0" ] ],
    [ "bb1:11t.d", "bb1:tp.9", "green", [ "v0" ] ],
    [ "bb1:15t.d", "bb1:tp.12", "green", [ "v0" ] ],
    [ "led1:A", "bb1:24t.a", "", [ "$bb" ] ],
    [ "led3:A", "bb1:29t.a", "", [ "$bb" ] ],
    [ "r1:1", "bb1:29t.c", "", [ "$bb" ] ],
    [ "r1:2", "bb1:29b.g", "", [ "$bb" ] ],
    [ "r3:1", "bb1:24t.c", "", [ "$bb" ] ],
    [ "r3:2", "bb1:24b.g", "", [ "$bb" ] ],
    [ "r2:1", "bb1:18t.c", "", [ "$bb" ] ],
    [ "r2:2", "bb1:18b.g", "", [ "$bb" ] ],
    [ "r4:1", "bb1:5b.h", "", [ "$bb" ] ],
    [ "r4:2", "bb1:bn.4", "", [ "$bb" ] ],
    [ "r5:1", "bb1:9b.h", "", [ "$bb" ] ],
    [ "r5:2", "bb1:bn.7", "", [ "$bb" ] ],
    [ "r6:1", "bb1:13b.h", "", [ "$bb" ] ],
    [ "r7:1", "bb1:17b.h", "", [ "$bb" ] ],
    [ "r7:2", "bb1:bn.14", "", [ "$bb" ] ],
    [ "led2:A", "bb1:18t.a", "", [ "$bb" ] ],
    [ "bb1:18b.h", "uno:1", "green", [ "v38.4", "h9.6" ] ],
    [ "bb1:24b.h", "uno:2", "green", [ "v38.4", "h-19.2" ] ],
    [ "bb1:29b.h", "uno:3", "green", [ "v38.4", "h-19.2" ] ],
    [ "btn3:1.l", "bb1:5t.e", "", [ "$bb" ] ],
    [ "btn3:2.l", "bb1:3t.e", "", [ "$bb" ] ],
    [ "btn3:1.r", "bb1:5b.f", "", [ "$bb" ] ],
    [ "btn3:2.r", "bb1:3b.f", "", [ "$bb" ] ],
    [ "btn1:1.l", "bb1:9t.e", "", [ "$bb" ] ],
    [ "btn1:2.l", "bb1:7t.e", "", [ "$bb" ] ],
    [ "btn1:1.r", "bb1:9b.f", "", [ "$bb" ] ],
    [ "btn1:2.r", "bb1:7b.f", "", [ "$bb" ] ],
    [ "btn2:1.l", "bb1:13t.e", "", [ "$bb" ] ],
    [ "btn2:2.l", "bb1:11t.e", "", [ "$bb" ] ],
    [ "btn2:1.r", "bb1:13b.f", "", [ "$bb" ] ],
    [ "btn2:2.r", "bb1:11b.f", "", [ "$bb" ] ],
    [ "btn4:1.l", "bb1:17t.e", "", [ "$bb" ] ],
    [ "btn4:2.l", "bb1:15t.e", "", [ "$bb" ] ],
    [ "btn4:1.r", "bb1:17b.f", "", [ "$bb" ] ],
    [ "btn4:2.r", "bb1:15b.f", "", [ "$bb" ] ]
  ],
  "dependencies": {}
}